Titulo,Compañia,Experiencia,Salario,Ubicacion,Fecha,Requisitos
Prácticas Consultoría de Negocio,EY,Sin informacion,Sin informacion,Madrid,05-01-2023,"['RPA', 'SAP']"
Tu primer empleo en Big Data - Sector Banking,Accenture,Sin informacion,Sin informacion,Málaga,22-12-2022,[]
Analista en Big Data / Power BI,Exceltic,Sin informacion,Sin informacion,Madrid,06-12-2022,['BI']
Prácticas Data Analytics,MBD Consultores,Sin informacion,Sin informacion,Madrid,06-12-2022,"['Python', 'R', 'SQL', 'Business Objects', 'MicroStrategy', 'SAS', 'Tableau']"
"Prácticas Data Science, Big Data, Data Governance",Vass,Sin informacion,Sin informacion,Madrid,06-12-2022,"['NoSQL', 'Python', 'SQL']"
"Fórmate en Data, ¡inicia tus primeros pasos profesionales con Bluetab!",Bluetab,Sin informacion,21.000 €,Madrid,03-01-2023,"['Java', 'Python', 'Scala', 'SQL', 'SQL Server', 'Linux', 'AWS', 'GIT', 'Bigdata', 'Hadoop', 'Spark']"
Programa de Prácticas Dixcover Madrid,Accenture,Sin informacion,Sin informacion,Madrid,06-12-2022,['SAP']
Junior Data Analyst,Opportunity Network,Sin informacion,Sin informacion,Teletrabajo,06-12-2022,"['Core', 'MySQL', 'Python', 'REST', 'SQL', 'Access', 'Business Intelligence', 'CRM', 'BI', 'Tableau']"
"Analista Big Data ( Python, Spark, Scala) (Madrid)",CMV Consultores,Sin informacion,25.000 €,Madrid,06-12-2022,"['Java', 'Python', 'Scala', 'GIT', 'Jenkins', 'Spark', 'JIRA']"
PRÁCTICAS BIG DATA MADRID,"Holcim EMEA Digital Center, S.L.U.",Sin informacion,Sin informacion,Madrid,06-12-2022,"['Redes', 'Business Intelligence']"
"Analista de Datos (BIG DATA) Teletrabajo, 100% En remoto",Tuyú Technology,Sin informacion,Sin informacion,Teletrabajo,06-12-2022,[]
Programa Empleo BIG DATA - IMPACT#understand DISC,Fundación Goodjob,Sin informacion,18.000 €,Madrid,06-12-2022,[]
Data Analyst Spain,SDG Group,Sin informacion,Sin informacion,Barcelona,13-12-2022,[]
Big Data Engineer,FHIOS Smart Knowledge,Sin informacion,Sin informacion,Madrid,14-12-2022,"['Maven', 'Python', 'Scala', 'SQL', 'SQL Server', 'Linux', 'AWS', 'Microsoft Azure', 'GIT', 'Docker', 'Kubernetes', 'Spark', 'ETL', 'Agile', 'Scrum', 'BI']"
Senior Backend Software Engineer - AWS / APIs / Databases / Home Office (m/f/d),Emma Sleep Company,Sin informacion,Sin informacion,Madrid,05-01-2023,"['Core', 'Go', 'Next', 'REST', 'AWS', 'IoT', 'Agile']"
Big Data,Icono Training Consulting,Sin informacion,Sin informacion,Madrid,06-12-2022,"['Almacenamiento', 'Hadoop']"
Quality Assurance sector pharma (TEMPORAL),BETWEEN,Sin informacion,21.000 €,Madrid,29-12-2022,"['IoT', 'BI']"
Data Analyst,Product Hackers,Sin informacion,500€,Teletrabajo,06-12-2022,"['Go', 'Python', 'R', 'Redes']"
Operaciones – Consultor Big Data REMOTO MADRID,7250 29/07/2022,Sin informacion,Sin informacion,Madrid,06-12-2022,"['Python', 'Scala', 'SQL', 'Spark']"
Programa de Prácticas DIXCOVER Song,Accenture,Sin informacion,Sin informacion,Madrid,06-12-2022,['SAP']
"Experto/a en Gobierno del Dato, Big Data & Analytics",INECO,Sin informacion,Sin informacion,Madrid,06-12-2022,"['Python', 'R', 'GIT']"
Becas para analistas de datos,Talentum,Sin informacion,750 €,Madrid,06-12-2022,"['JavaScript', 'Python', 'R', 'SQL', 'Apache', 'Spark', 'BI', 'Tableau']"
AI & Data - Internship,Hewlett Packard Enterprise,0,Sin informacion,Madrid,12-12-2022,"['C', 'Java', 'Python', 'R', 'Shell', 'SQL', 'EDGE', 'Unix']"
"Programador/a Big Data, 100% En remoto",CAS TRAINING,Sin informacion,39.000 €,Teletrabajo,05-01-2023,"['NoSQL', 'Scala', 'SQL', 'Unix', 'GIT', 'Spark', 'ETL']"
PRÁCTICAS FINANZAS MADRID,PHILIP MORRIS INTERNATIONAL SERVICE CENTER SL,Sin informacion,Sin informacion,Madrid,06-12-2022,"['C', 'Reports', 'MS Office', 'SAP', 'BI']"
Consultoría | Data & Analytics Hub Málaga,PwC,Sin informacion,Sin informacion,Málaga,06-12-2022,"['Angular', 'Bootstrap', 'JavaScript', 'React', 'TypeScript', 'VueJS', 'NoSQL', 'Python', 'Shell', 'Sketch', 'SQL', 'Apache', 'MongoDB', 'Postgre', 'SQL Server', 'Linux', 'AWS', 'Microsoft Azure', 'GIT', 'Hadoop', 'Spark', 'Scrum']"
Prácticas Consultoría Ciberseguridad,EY,Sin informacion,Sin informacion,Madrid,06-12-2022,"['RPA', 'SAP']"
Data Engineer,DNA325,3,3.000 €,Madrid,18-12-2022,"['NoSQL', 'Python', 'Scala', 'Shell', 'Elasticsearch', 'DynamoDB', 'AWS', 'Cassandra', 'Spark', 'ETL', 'DataStage']"
Big Data engineer,GMV,Sin informacion,Sin informacion,Madrid,27-12-2022,"['Angular', 'Go', 'Next', 'JQuery', 'Redux', 'Python', 'Django', 'R', 'SQL']"
Senior Scientist – Biomedical Knowledge Discovery and Data Mining,Bristol Myers Squibb,2,Sin informacion,Sevilla,06-12-2022,"['Natural', 'Reports', 'Python', 'R', 'Tensorflow', 'AWS', 'EDGE']"
"Big Data IA Developer Researcher Remote, 100% En remoto - Primer Empleo",ZYLK,Sin informacion,Sin informacion,Teletrabajo,05-01-2023,"['Eclipse', 'Java', 'Tomcat', 'Maven', 'MySQL', 'Python', 'Tensorflow', 'Apache', 'Tiempo Real', 'Linux', 'AWS', 'EDGE', 'Jenkins', 'Docker', 'Kubernetes', 'Bigdata', 'Hadoop', 'Spark', 'IoT']"
DATA SCIENTIST (M/F/D),Symanto,2,Sin informacion,Valencia,30-12-2022,"['API', 'C', 'Python', 'SQL', 'Tensorflow', 'Access', 'Linux', 'Microsoft Azure', 'EDGE', 'GIT', 'Docker', 'Kubernetes', 'Agile']"
Data Analyst,Ryanair,Sin informacion,Sin informacion,Madrid,22-12-2022,"['Air', 'Reports', 'Python', 'R', 'SQL', 'Basis', 'BI', 'Tableau']"
Consultor/a Data & Analytics,EY,Sin informacion,Sin informacion,Madrid,12-12-2022,"['Python', 'R', 'RPA', 'SAP', 'BI']"
BIG DATA DEVELOPER,ISCAREM HUMAN RESOURCES,Sin informacion,38.000 €,Madrid,06-12-2022,"['SAP', 'BI']"
Data Analyst intern,PayFit,Sin informacion,Sin informacion,Barcelona,19-12-2022,"['Core', 'Next', 'Python', 'SQL', 'Tableau']"
Data Analyst,Versatile Staffing Solutions,Sin informacion,25.000 €,Teletrabajo,19-12-2022,"['Python', 'R', 'SQL']"
Consultor Junior (beca),Alkemy,Sin informacion,Sin informacion,Madrid,06-12-2022,['C']
Analista Funcional para Proyectos Big Data Analytics,Bo Growth,Sin informacion,Sin informacion,Alicante,28-12-2022,['AWS']
Informático para desarrollos en Big Data sobre...,CAF,Sin informacion,Sin informacion,Madrid,06-12-2022,['ETL']
Data Consultant,SDG Group,Sin informacion,Sin informacion,Madrid,06-12-2022,"['Python', 'SQL', 'Spark', 'Qlik Sense', 'BI', 'Tableau']"
Analista funcional para proyectos Big Data & Analytics – Alicante,Instituto Tecnológico de Informática,Sin informacion,Sin informacion,Alicante,06-12-2022,['AWS']
Compliance Assistant,Amex,2,Sin informacion,Madrid,05-01-2023,"['Core', 'Flex', 'Express', 'Reports', 'Access', 'AML']"
Data Analyst,Scalefast,3,Sin informacion,Madrid,06-12-2022,"['Next', 'Reports', 'Python', 'R', 'SQL', 'Access', 'AWS', 'BI', 'Tableau']"
FORMADOR/A PARA TRANSFORMACIÓ DIGITAL PARA EL EMPLEO Y TELETRABAJO,Nascor Formación,Sin informacion,Sin informacion,Teletrabajo,24-12-2022,[]
FORMADOR/A PARA TRANSFORMACIÓ DIGITAL PARA EL EMPLEO Y TELETRABAJO,Nascor Formación,Sin informacion,Sin informacion,Teletrabajo,24-12-2022,[]
Data Scientist,The Big Tech Experience,Sin informacion,Sin informacion,Zaragoza,04-01-2023,"['Core', 'Business Intelligence', 'ETL', 'BI']"
Data Scientist Intern,HP,Sin informacion,Sin informacion,Barcelona,06-12-2022,"['Core', 'Next', 'Express', 'Python', 'R', 'SQL', 'Tensorflow', 'Basis']"
Anàlisi de Dades,Bonpreu,Sin informacion,Sin informacion,Barcelona,06-12-2022,[]
Programador Big Data,Grupo Digital,Sin informacion,Sin informacion,Madrid,06-12-2022,"['R', 'BI']"
Data Transformation Expert,McKinsey & Company,8,Sin informacion,Madrid,06-12-2022,"['Go', 'MS SQL', 'MySQL', 'NoSQL', 'REST', 'SQL', 'DynamoDB', 'MongoDB', 'SQL Server', 'Oracle', 'AWS', 'Cassandra', 'Hadoop', 'Spark', 'Agile']"
Big Data Developer,PUE,Sin informacion,Sin informacion,Madrid,23-12-2022,"['Java', 'Python', 'Scala', 'SQL', 'Bigdata', 'Spark', 'Agile', 'Scrum']"
Data Analyst,Zurich Insurance,5,Sin informacion,Barcelona,23-12-2022,"['Go', 'Reports', 'Python', 'R', 'SQL', 'Basis', 'BI', 'SAS']"
DATA SCIENTIST ANALYST I,BBVA,0,Sin informacion,Madrid,06-12-2022,"['C', 'Python', 'R', 'REST', 'Scala', 'Hadoop', 'Spark']"
Data Analyst (ref. T3724),Alhambra & Asociados,3,Sin informacion,Madrid,06-12-2022,"['Alhambra', 'Business Intelligence', 'BI', 'Tableau']"
Big Data Architect - Product,Winning,Sin informacion,Sin informacion,Madrid,06-12-2022,"['Java', 'NoSQL', 'Scala', 'SQL', 'Apache', 'MongoDB', 'Cassandra', 'Hadoop', 'Kafka', 'Spark']"
Big Data Architects,Accenture,Sin informacion,Sin informacion,Alicante,06-12-2022,"['NoSQL', 'Elasticsearch', 'MongoDB', 'AWS', 'GIT', 'Jenkins', 'Cassandra', 'Kafka', 'Spark', 'JIRA', 'Agile']"
Becas para programadores,Talentum,Sin informacion,750 €,Madrid,06-12-2022,['IoT']
"Operations Intern, Spain",Uber,Sin informacion,Sin informacion,Madrid,06-12-2022,"['Python', 'SQL', 'Access']"
Data Business Analyst - PageGroup SSC,Michael Page,Sin informacion,Sin informacion,Barcelona,06-12-2022,"['Core', 'Express', 'Business Intelligence', 'JIRA', 'BI']"
DATA SCIENCE CONSULTANT MADRID,managementsolutions,Sin informacion,Sin informacion,Sin informacion,06-12-2022,"['Go', 'Python', 'R', 'Hadoop', 'SAS']"
Developer - Big Data,Airbus,3,Sin informacion,Madrid,06-12-2022,"['CSS', 'HTML', 'Java', 'JavaScript', 'Python', 'Scala', 'Shell', 'SQL', 'Hadoop', 'Spark', 'Agile', 'Kanban', 'Scrum']"
Data Integration Specialist,AstraZeneca,Sin informacion,Sin informacion,Barcelona,14-12-2022,"['HTML', 'Java', 'Next', 'Express', 'Python', 'R', 'Access', 'EDGE', 'Business Intelligence', 'ETL', 'BI']"
Consultor/a Arquitecturas Big Data,INECO,Sin informacion,Sin informacion,Madrid,06-12-2022,"['SQL', 'Active Directory']"
Big Data,Digital Talent Agency,Sin informacion,Sin informacion,Barcelona,06-12-2022,"['Java', 'Python', 'Scala', 'SQL', 'Apache', 'GIT', 'Jenkins', 'Hadoop', 'Spark', 'ETL', 'Agile']"
AIML - Data Curation Engineer - Turkish,Apple,Sin informacion,Sin informacion,Barcelona,06-12-2022,"['Next', 'Natural']"
Beca Data Manager-Control de Activos,Acciona,Sin informacion,Sin informacion,Madrid,06-12-2022,[]
Data Engineer,Alovia Consulting,3,38.000 €,Madrid,27-12-2022,"['Visual Studio', 'Python', 'SQL', 'SSIS', 'BI']"
Mng. Data Services Delivery,Vodafone,Sin informacion,Sin informacion,Madrid,19-12-2022,"['C', 'AWS', 'ETL']"
Researcher in Big Data and Artificial Intelligence,Fundació i2cat,5,Sin informacion,Barcelona,06-12-2022,"['.NET', 'C', 'Java', 'Next', 'Python', 'R', 'REST', 'Linux', 'EDGE', 'GIT', 'Docker', 'Windows', 'Blockchain', 'IoT', 'JIRA']"
Programa de Prácticas DIXCOVER: Industry X.0,Accenture,Sin informacion,Sin informacion,Sevilla,06-12-2022,"['Blockchain', 'IoT', 'SAP']"
Senior Golang Backend Developer - AWS / APIs / Databases / Home Office (m/f/d),Workwise GmbH,Sin informacion,Sin informacion,Madrid,20-12-2022,"['Core', 'Go', 'Next', 'AWS', 'IoT', 'Agile']"
Senior Golang Backend Developer - AWS / APIs / Databases / Home Office (m/f/d),Emma Sleep Company,Sin informacion,Sin informacion,Madrid,05-01-2023,"['Core', 'Go', 'Next', 'REST', 'AWS', 'IoT', 'Agile']"
Antipiracy Analyst,Red Points,1,Sin informacion,Barcelona,05-01-2023,"['Reports', 'Access']"
Prácticas Consultor/a Actuarial,EY,Sin informacion,Sin informacion,Madrid,06-12-2022,"['RPA', 'SAP']"
"Tu primer empleo - Google Cloud Academy - Madrid, Bcn, Zaragoza, Málaga",Accenture,Sin informacion,Sin informacion,Barcelona,06-12-2022,"['SQL', 'Almacenamiento', 'Google Cloud Platform', 'Kubernetes']"
Junior Data Engineer,Socialpoint,1,Sin informacion,Barcelona,06-12-2022,"['Android', 'iOS', 'Next', 'Python', 'SQL', 'EDGE', 'BI']"
Consultor/a Junior recién graduado,EY,Sin informacion,Sin informacion,Madrid,06-12-2022,"['RPA', 'SAP']"
Administrador/a Cloudera Big Data,Sopra Steria,Sin informacion,Sin informacion,Madrid,06-12-2022,"['JavaScript', 'Apache', 'Linux', 'Unix', 'GIT', 'Jenkins', 'Windows', 'Hadoop', 'Kafka', 'Spark']"
Data Analyst - S&OP,Brambles Group,3,Sin informacion,Madrid,30-12-2022,"['Less', 'Backbone', 'Python', 'SQL', 'QlikView', 'Basis', 'BI', 'Tableau']"
Big Data Analytics,Bo Growth,Sin informacion,Sin informacion,Valencia,27-12-2022,"['MySQL', 'Scala', 'MongoDB', 'Redis', 'Linux', 'AWS', 'Bigdata', 'Cassandra', 'Kafka', 'Spark', 'IoT']"
Junior Digital Data Analyst,Zurich Insurance,2,Sin informacion,Barcelona,06-12-2022,"['Go', 'Next', 'Reports', 'Python', 'R', 'SQL', 'ETL', 'Basis', 'BI']"
School of Tech - Big Data & Cloud Data,Accenture,Sin informacion,Sin informacion,Sevilla,06-12-2022,"['Java', 'Python', 'Elasticsearch', 'MongoDB', 'AWS', 'GIT', 'Jenkins', 'Cassandra', 'JIRA', 'Agile']"
DATA SCIENTIST,nucleoo,2,Sin informacion,Granada,06-12-2022,"['Python', 'R', 'Scala', 'Tensorflow', 'Apache', 'AWS', 'Hadoop', 'Spark', 'Agile', 'Scrum']"
BIG DATA ENGINEER | DATA WAREHOUSE ENGINEER | DATA ENGINEER,Techyon Espana,Sin informacion,Sin informacion,Cádiz,15-12-2022,"['Core', 'Scala', 'Spark', 'ETL', 'Agile']"
Big Data Engineering (W/M),MCA Engineering,0,Sin informacion,Madrid,06-12-2022,"['Java', 'Next', 'MySQL', 'Python', 'Scala', 'AWS', 'EDGE', 'Hadoop', 'Spark']"
Internship - January 2023,Kraft Heinz Company,Sin informacion,600€,Madrid,06-12-2022,"['Next', 'R']"
Consultoría | Senior Associate Data & Analytics // Madrid,PwC,Sin informacion,Sin informacion,Madrid,06-12-2022,"['NoSQL', 'Python', 'R', 'SQL', 'Bigdata', 'Cassandra', 'ETL', 'Agile']"
Desarrollador/a-Programador/a Big Data,Bluetab,Sin informacion,Sin informacion,Madrid,24-12-2022,"['Python', 'Scala', 'AWS', 'Bigdata', 'Hadoop', 'Spark']"
Big Data Software Developer,HP,4,Sin informacion,Barcelona,24-12-2022,"['Next', 'NoSQL', 'Python', 'SQL', 'Apache', 'AWS', 'Spark', 'Agile']"
Big Data Software Developer,HP,4,Sin informacion,Barcelona,24-12-2022,"['Next', 'NoSQL', 'Python', 'SQL', 'Apache', 'AWS', 'Spark', 'Agile']"
Satec se encuentra en búsqueda de un Data Engineer,Satec,Sin informacion,Sin informacion,Asturias,06-12-2022,"['Java', 'Python', 'R', 'Scala', 'Apache', 'AWS', 'Docker', 'Kubernetes', 'Kafka', 'Spark', 'BI']"
Prácticas Business Consulting Barcelona,EY,Sin informacion,Sin informacion,Barcelona,06-12-2022,"['RPA', 'SAP']"
NLP Data Science Intern,IOMED,Sin informacion,800 €,Barcelona,06-12-2022,"['Natural', 'Python']"
Desarrollador/a Equipo Big Data,Acciona,Sin informacion,Sin informacion,Navarra,06-12-2022,"['Core', 'C', 'NoSQL', 'PL', 'SQL', 'Almacenamiento', 'AWS', 'GIT', 'TFS', 'Bigdata', 'Hadoop', 'Spark', 'QlikView', 'BI']"
Data Analyst,SDG CONSULTING ESPAÑA S.A,Sin informacion,Sin informacion,Madrid,06-12-2022,[]
Evento Women Gen Z PwC España,PwC,Sin informacion,Sin informacion,Madrid,12-12-2022,['Teleco']
Legal & Data Privacy Counsel,Hitachi Vantara Corporation,8,Sin informacion,Barcelona,20-12-2022,"['Next', 'Hardware', 'Basis']"
Intern - Madrid Summernaut Rotational Program,Celonis SE,Sin informacion,Sin informacion,Madrid,06-12-2022,"['Core', 'Python', 'SQL', 'Tableau']"
Big Data Engineer AWS/GCP/Azure (100% remoto),We Bring,Sin informacion,Sin informacion,Madrid,06-12-2022,"['MySQL', 'NoSQL', 'SQL', 'SAN', 'AWS', 'Docker', 'Kubernetes', 'Bigdata', 'Hadoop', 'Kafka', 'Spark', 'ETL', 'Agile', 'Scrum']"
Global Talent Internship Program,GMV,5,Sin informacion,Barcelona,06-12-2022,"['Next', 'Hardware', 'Switch']"
Data & BI Compliance Expert,Zurich Insurance,1,Sin informacion,Barcelona,06-12-2022,"['Go', 'ITIL', 'Basis', 'BI']"
Consultor/a Prácticas Regulatorio,EY,Sin informacion,Sin informacion,Madrid,06-12-2022,"['RPA', 'SAP']"
Data Scientist - Spanish Speaking,Shift Technology,Sin informacion,Sin informacion,Madrid,22-12-2022,"['C', 'SQL', 'Elasticsearch', 'CVS']"
Business Development Representative - French Market,Webhelp Portugal,Sin informacion,Sin informacion,Barcelona,02-01-2023,"['C', 'Next', 'MS Office', 'CRM', 'Basis']"
Data Scientist - Global Digital Supply Chains (m/f/d),Brambles Group,3,Sin informacion,Madrid,06-12-2022,"['Less', 'Python', 'R', 'SQL', 'Apache', 'AWS', 'Microsoft Azure', 'Spark', 'Agile', 'Basis', 'BI', 'Tableau']"
Market Analyst - Spain,Geoblink,Sin informacion,Sin informacion,Madrid,06-12-2022,"['Next', 'REST', 'Basis']"
Prácticas Consultoría Tecnológica FSO,EY,Sin informacion,Sin informacion,Madrid,06-12-2022,"['RPA', 'SAP']"
Administrativo/a con Excel,BETWEEN Technology,Sin informacion,21.000 €,Barcelona,03-01-2023,"['Reports', 'Business Intelligence', 'CRM', 'ERP', 'Agile']"
Data scientist,Prosfy,Sin informacion,Sin informacion,Madrid,14-12-2022,"['API', 'Go', 'Natural', 'Python', 'SQL', 'Access', 'Bigdata']"
R&D Data Scientist,Nommon Solutions and Technologies,5,42.000 €,Madrid,22-12-2022,"['C', 'Java', 'Next', 'Python', 'R']"
Senior Data Scientist,Aptitude Global,Sin informacion,Sin informacion,Teletrabajo,06-12-2022,"['Go', 'Visual Studio', 'Python', 'R', 'Apache', 'AWS', 'GIT', 'Spark', 'Agile', 'Tableau']"
Prácticas Consultoría,EY,Sin informacion,Sin informacion,Madrid,10-12-2022,"['RPA', 'SAP']"
Beca - Ingeniero/a de Datos,Aegon,Sin informacion,Sin informacion,Madrid,06-12-2022,"['SQL', 'Bigdata']"
PwC´s Excellence | Programa Talento universitario en Transformación Digital 2023,PwC,Sin informacion,Sin informacion,Madrid,19-12-2022,['Redes']
Data Scientist (m/f/d),ZF,Sin informacion,Sin informacion,Barcelona,06-12-2022,"['Next', 'Python', 'R', 'Oracle', 'AWS', 'QlikView', 'Tableau']"
DATA Analyst,SEAT SA,Sin informacion,2.000€,Barcelona,06-12-2022,['AWS']
Consultor Data Architect,VISEO - Spain,Sin informacion,Sin informacion,Barcelona,06-12-2022,"['Python', 'SQL', 'Business Intelligence', 'Datawarehouse', 'Agile', 'BI']"
DevOps Engineer - AWS / Testing / Agile Development / Home Office (m/f/d),Workwise GmbH,Sin informacion,Sin informacion,Madrid,05-01-2023,"['Next', 'Python', 'Shell', 'Linux', 'AWS', 'Jenkins', 'Docker', 'Kubernetes', 'IoT', 'Agile']"
Junior Carbon Trader / Desk Analyst,BBVA,0,Sin informacion,Madrid,06-12-2022,"['Python', 'R']"
Key Account Consultant (Big Data Analytics),AIS Group,Sin informacion,Sin informacion,Barcelona,06-12-2022,[]
Director; Creative Production,Netflix,Sin informacion,Sin informacion,Madrid,06-12-2022,[]
PRACTICAS COMERCIO MADRID,PHILIP MORRIS SPAIN,Sin informacion,Sin informacion,Madrid,22-12-2022,"['C', 'MS Office']"
Crew Controllers - OCC Sevilla (Head Office),Ryanair,1,Sin informacion,Sevilla,05-01-2023,"['Air', 'Basis']"
Data Scientist,Grupo MASMOVIL,Sin informacion,Sin informacion,Madrid,30-12-2022,"['Python', 'SQL', 'SQL Server', 'Google Cloud Platform', 'CRM', 'ETL', 'BI', 'Tableau']"
Beca Data Analytics - Cartera de Productos Empresas (Madrid),Naturgy,Sin informacion,Sin informacion,Madrid,06-12-2022,[]
Big Data Platform Admin,HP,3,Sin informacion,Barcelona,06-12-2022,"['Next', 'Express', 'Python', 'SQL', 'Hardware', 'AWS', 'Hadoop', 'Spark', 'JIRA']"
Beca Calidad y Eficiencia (Madrid o Illescas),Naturgy,Sin informacion,Sin informacion,Madrid,06-12-2022,"['Redes', 'BI']"
Digital Creative Producer,Incubeta,2,Sin informacion,Madrid,21-12-2022,"['Adobe', 'Photoshop', 'Spark']"
Ingeniero/a de Datos Big Data,INECO,Sin informacion,Sin informacion,Madrid,07-12-2022,"['Core', 'Hadoop', 'Kafka', 'Spark', 'Storm']"
Data Scientist (Banca),BETWEEN,Sin informacion,30.000 €,Madrid,07-12-2022,"['Python', 'SQL', 'IoT', 'BI']"
Consultor/a Junior Recién Graduado - Septiembre Barcelona,EY,Sin informacion,Sin informacion,Barcelona,07-12-2022,"['RPA', 'SAP']"
Analista de Datos-Data Analyst-Desarrollador Business Intelligence (BI),Bluetab,Sin informacion,Sin informacion,Madrid,27-12-2022,"['SQL', 'Business Intelligence', 'MicroStrategy', 'ETL', 'BI']"
Big Data Engineer,Scalian Spain,Sin informacion,Sin informacion,Madrid,07-12-2022,"['Scala', 'Kafka', 'Spark']"
Senior Software Engineer,Clarivate,4,Sin informacion,Barcelona,07-12-2022,"['API', 'C', 'Java', 'Perl', 'Python', 'REST', 'Scala', 'SQL', 'Elasticsearch', 'Linux', 'AWS', 'Unix', 'Spark', 'Agile']"
Consultor/a Junior Recién Graduado - Septiembre Barcelona,EY,Sin informacion,Sin informacion,Barcelona,07-12-2022,"['RPA', 'SAP']"
Analista de Datos-Data Analyst-Desarrollador Business Intelligence (BI),Bluetab,Sin informacion,Sin informacion,Madrid,27-12-2022,"['SQL', 'Business Intelligence', 'MicroStrategy', 'ETL', 'BI']"
Big Data Engineer,Scalian Spain,Sin informacion,Sin informacion,Madrid,07-12-2022,"['Scala', 'Kafka', 'Spark']"
Data Scientist - Tres Cantos,New Tandem SIM,Sin informacion,Sin informacion,Madrid,03-01-2023,"['Java', 'Python', 'R', 'SQL', 'Spark']"
Data Analyst / Scientist - Insurance background,Zurich Insurance,1,Sin informacion,Barcelona,07-12-2022,"['Go', 'Python', 'R', 'SQL', 'Basis', 'Tableau']"
Consultor Big Data,invoin,Sin informacion,30.000 €,Madrid,07-12-2022,"['API', 'PL', 'Python', 'SQL', 'Apache', 'Linux', 'ETL', 'IoT']"
Big Data Project Manager,BETWEEN,Sin informacion,56.000 €,Madrid,16-12-2022,"['Hardware', 'Business Intelligence', 'IoT', 'BI']"
Data Analyst,Product Madness,Sin informacion,250€,Barcelona,10-12-2022,"['Go', 'Reports', 'Python', 'R', 'SQL', 'QlikView', 'BI', 'PM', 'Tableau']"
DATA ANALYST,amaris,3,Sin informacion,Madrid,04-01-2023,"['Next', 'NoSQL', 'Python', 'R', 'SQL', 'Access', 'Spark', 'Agile']"
Senior Data Engineer,JLL,Sin informacion,Sin informacion,Madrid,07-12-2022,"['Core', 'API', 'C', 'JavaScript', 'JSON', 'NoSQL', 'Reports', 'Python', 'R', 'SQL', 'XML', 'MongoDB', 'Spark', 'BI', 'Tableau']"
Prácticas en Análisis de datos y gestión de Bases de datos (Data Base),Hellomrlead S.L.,Sin informacion,300€,Barcelona,04-01-2023,['Salesforce']
Administrad@ CLOUDERA ( Big Data ),Grupo Digital,Sin informacion,Sin informacion,Madrid,07-12-2022,"['R', 'Oracle', 'Remedy', 'Kafka', 'Spark', 'JIRA']"
Data Analyst,K-LAGAN,Sin informacion,Sin informacion,Barcelona,07-12-2022,"['Android', 'iOS', 'BI', 'Tableau']"
Big Data developer,Newshore,Sin informacion,Sin informacion,Barcelona,07-12-2022,"['NoSQL', 'R', 'SQL', 'Linux', 'EDGE', 'Unix', 'Windows', 'Hadoop', 'Spark', 'ETL']"
Consultor titulado en ADE,NetCheck,Sin informacion,Sin informacion,Madrid,20-12-2022,"['SAP', 'BI']"
Data Scientist,ThetaRay,2,Sin informacion,Madrid,07-12-2022,"['Core', 'Python', 'Linux']"
Data Scientist/Data Engineer M/F,Akkodis,Sin informacion,Sin informacion,Madrid,07-12-2022,"['Python', 'Tensorflow', 'EDGE', 'IoT']"
Data Analytics - Assurance Technology FSO,EY,Sin informacion,Sin informacion,Madrid,07-12-2022,"['MySQL', 'Python', 'SQL', 'Visual Basic', 'Oracle', 'ERP', 'Navision', 'SAP', 'BI']"
Talent Acquisition Analyst,Deutsche Bank,Sin informacion,Sin informacion,Barcelona,29-12-2022,[]
"Data Scientist Big Data/IA/Deep learning, Madrid",PANEL Sistemas Informáticos,Sin informacion,Sin informacion,Madrid,07-12-2022,"['JSON', 'Natural', 'NoSQL', 'Python', 'SQL', 'Spark', 'DataStage']"
Internal Data Analysis Audit Analyst,Santander,Sin informacion,Sin informacion,Madrid,22-12-2022,"['Python', 'R', 'SQL', 'Spark', 'SAS']"
Analista Pagos Internacionales SWIFT,Winning,Sin informacion,Sin informacion,Madrid,07-12-2022,['Swift']
MODELIZACION DE DATOS. Telefónica España. Madrid. Teletrabajo,TELEFONICA ESPAÑA,Sin informacion,Sin informacion,Madrid,18-12-2022,"['Python', 'Scala', 'Shell', 'SQL', 'Linux', 'Hadoop', 'Business Intelligence']"
Big Data Analytics MSH,Vodafone,Sin informacion,Sin informacion,Málaga,13-12-2022,"['AWS', 'ETL', 'IoT', 'Agile']"
Jefe Proyecto (Big Data),Grupo Digital,Sin informacion,Sin informacion,Madrid,07-12-2022,['Bigdata']
Data Engineer,Auctane Careers,Sin informacion,66.000€,Barcelona,07-12-2022,"['Python', 'SQL', 'Apache', 'Linux', 'AWS', 'Jenkins', 'Windows', 'Spark', 'Business Intelligence', 'BI', 'Tableau']"
Data Operation Specialist,Havas Media,3,Sin informacion,Madrid,07-12-2022,"['Java', 'Reports', 'PL', 'Perl', 'Python', 'Shell', 'SQL', 'AWS', 'Unix', 'Hadoop', 'Spark', 'Agile', 'Scrum']"
Desarrollador Big Data - Data Developer / Data Science - Científico de Datos,BBVA IT España,Sin informacion,Sin informacion,Vizcaya,29-12-2022,"['Python', 'R', 'Scala', 'Agile']"
Data Scientist for Pharma,Bayer,3,Sin informacion,Barcelona,07-12-2022,"['Python', 'R', 'Scala', 'SQL', 'Access', 'EDGE', 'Agile']"
Support Specialist,Zurich Insurance,1,Sin informacion,Barcelona,04-01-2023,"['Go', 'Next', 'Reports', 'Access', 'Basis']"
Consultor Business Intelligence y Big Data,SM2,Sin informacion,Sin informacion,Islas Baleares,07-12-2022,"['Business Intelligence', 'Cognos', 'QlikView', 'ETL', 'BI']"
Customer Marketing,CooperVision,Sin informacion,Sin informacion,Madrid,16-12-2022,"['Photoshop', 'Go', 'Reports', 'EDGE']"
Pr.Mng.Test Manager,Vodafone,5,Sin informacion,Madrid,01-01-2023,"['C', 'Google Cloud Platform', 'ITIL', 'PMP', 'BI']"
Azure Big Data Engineer,FHIOS Smart Knowledge,Sin informacion,Sin informacion,Madrid,15-12-2022,"['API', 'NoSQL', 'Python', 'Scala', 'SQL', 'SQL Server', 'Redes', 'AWS', 'Microsoft Azure', 'Spark', 'ETL', 'BI']"
Internship - Business Development Representative Spain,Digimind,Sin informacion,Sin informacion,Madrid,07-12-2022,['Access']
Software development,Airbus,Sin informacion,Sin informacion,Madrid,07-12-2022,"['C', 'Redes', 'GIT', 'Agile', 'Kanban', 'Scrum']"
DATA SCIENTIST ASSOCIATE,BBVA,0,Sin informacion,Madrid,07-12-2022,"['Java', 'Python', 'REST', 'Scala', 'Hadoop', 'Spark', 'Agile', 'Scrum']"
Data engineer,REDSLIM,2,Sin informacion,Madrid,20-12-2022,"['Core', 'Next', 'NoSQL', 'Python', 'SQL', 'Selenium', 'AWS', 'Docker', 'Kubernetes', 'Hadoop', 'Kafka', 'Spark', 'Business Intelligence', 'ETL', 'Agile', 'Scrum']"
Desarrollador Big Data (Remoto),Serviguidebpo,3,Sin informacion,Madrid,07-12-2022,['Scala']
CRO & Data Analyst,Garaje de ideas,Sin informacion,500€,Teletrabajo,15-12-2022,"['Adobe', 'Tableau']"
Software Developer,Frontline,4,4.000 €,Madrid,05-01-2023,"['HTML', 'JavaScript', 'React', 'Oracle', 'AWS']"
People Team Projects Senior Manager,Boston Consulting Group,Sin informacion,Sin informacion,Madrid,07-12-2022,['Core']
Data Engineer M/F,Akkodis,5,Sin informacion,Madrid,07-12-2022,"['SQL', 'SQL Server', 'EDGE', 'IoT']"
Business Analyst - SGT&O Málaga,Santander,3,Sin informacion,Málaga,07-12-2022,"['Angular', 'SQL', 'Blockchain', 'JIRA']"
Data Engineer,Scalefast,2,Sin informacion,Madrid,07-12-2022,"['API', 'Next', 'NoSQL', 'Reports', 'Python', 'SQL', 'Access', 'DynamoDB', 'Oracle', 'AWS', 'Hadoop', 'ETL', 'BI']"
Data Engineer,Scalefast,2,Sin informacion,Madrid,07-12-2022,"['API', 'Next', 'NoSQL', 'Reports', 'Python', 'SQL', 'Access', 'DynamoDB', 'Oracle', 'AWS', 'Hadoop', 'ETL', 'BI']"
DATA SCIENTIST,Gnarum,Sin informacion,Sin informacion,Madrid,07-12-2022,"['NoSQL', 'Python', 'R', 'SQL', 'Redes']"
DATA SCIENTIST PERSONALIZATION,Mango,Sin informacion,Sin informacion,Barcelona,07-12-2022,"['Python', 'Tiempo Real', 'Redes', 'AWS', 'Bigdata', 'Spark', 'ETL']"
Quality Manager,GuestReady,Sin informacion,Sin informacion,Teletrabajo,04-01-2023,['Basis']
B2B Intern,Tropicfeel,Sin informacion,Sin informacion,Barcelona,07-12-2022,['ERP']
Empieza tu carrera profesional en Gradiant,Gradiant,Sin informacion,750€,Pontevedra,07-12-2022,"['C', 'Natural', 'Python', 'Hardware', 'Linux', 'Redes', 'Teleco', 'GIT', 'Docker', 'Kubernetes', 'Windows']"
Data Scientist,GMV,Sin informacion,Sin informacion,Barcelona,10-12-2022,"['Go', 'MySQL', 'Natural', 'NoSQL', 'Python', 'SQL', 'Tensorflow', 'Oracle', 'BI', 'Tableau']"
Data Product Owner (remote),BETWEEN,Sin informacion,39.000 €,Barcelona,24-12-2022,"['Business Intelligence', 'Agile', 'Scrum']"
Product Manager - Fully Remote Job,Openprovider,5,Sin informacion,Barcelona,08-12-2022,"['Core', 'API', 'Go', 'Access', 'DNS', 'Agile', 'Scrum', 'Basis']"
Prácticas Consultoría SAP,EY,Sin informacion,Sin informacion,Madrid,07-12-2022,"['RPA', 'SAP']"
"Data Strategic Cloud Engineer, Professional Services (English, Spanish)",Google,Sin informacion,Sin informacion,Madrid,13-12-2022,"['C', 'Go', 'Java', 'JavaScript', 'Python', 'Switch', 'Google Cloud Platform', 'EDGE', 'ETL']"
Data Analyst,"Big Fish Games, Inc.",2,Sin informacion,Barcelona,07-12-2022,"['Core', 'Flex', 'Reports', 'Python', 'R', 'SQL', 'Access', 'Tableau']"
Desarrollador/a-Programador/a Big Data en entornos Cloud (AWS/Azure/GCP),Bluetab,Sin informacion,Sin informacion,Madrid,25-12-2022,"['Python', 'Scala', 'DynamoDB', 'AWS', 'Bigdata', 'Spark', 'ETL']"
Senior Scientist – Biomedical Knowledge Discovery and Data Mining,Bristol Myers Squibb,2,Sin informacion,Sevilla,07-12-2022,"['Natural', 'Reports', 'Python', 'R', 'Tensorflow', 'AWS', 'EDGE']"
"Scientist I, Research (Trainee)",Edwards Lifesciences,Sin informacion,Sin informacion,Valencia,07-12-2022,"['Less', 'Reports']"
Data Engineers - SGTO Málaga,Santander,3,Sin informacion,Málaga,07-12-2022,"['Angular', 'Python', 'R', 'Scala', 'SQL', 'Access', 'AWS', 'Kafka', 'Spark', 'Blockchain', 'ETL', 'Tableau']"
Programa de Prácticas DIXCOVER - Girona,Accenture,Sin informacion,Sin informacion,Barcelona,07-12-2022,['SAP']
Remote Sensing Analyst,GMV,Sin informacion,Sin informacion,Madrid,14-12-2022,"['Natural', 'Python', 'Switch']"
"Retail Continuous Improvement Intern Madrid, Spain Commercial",Philip Morris International,Sin informacion,944€,Madrid,20-12-2022,['Switch']
Product Designer,Garaje de ideas,Sin informacion,500€,Madrid,07-12-2022,['Sketch']
Data Scientist,Applus+ BKW,Sin informacion,Sin informacion,Madrid,30-12-2022,"['Java', 'MySQL', 'Python', 'SQL', 'VBA', 'ETL', 'Datawarehouse', 'Agile', 'BI']"
Desarrollador/a Big Data,BSP executive,Sin informacion,Sin informacion,Teletrabajo,21-12-2022,"['Scala', 'Apache', 'Cassandra', 'Hadoop', 'Kafka', 'Spark']"
Game Presenter - Spanish and English Speaking,Evolution,Sin informacion,Sin informacion,Murcia,07-12-2022,"['Core', 'Next']"
DATA ENGINEER,S2 Grupo,3,Sin informacion,Valencia,07-12-2022,"['C', 'Python', 'R', 'Linux', 'Unix', 'Jenkins', 'Docker', 'Hadoop', 'Spark', 'Tableau']"
Project Controls Analyst,AECOM,6,Sin informacion,Madrid,06-01-2023,"['Reports', 'SQL', 'VBA', 'Access', 'MS Office', 'BI']"
ARQUITECTOS BIG DATA*,IDential,Sin informacion,Sin informacion,Madrid,07-12-2022,"['Cassandra', 'Hadoop', 'Kafka']"
Strategy Associate - Spain & Italy,Trainline,Sin informacion,Sin informacion,Barcelona,13-12-2022,['Basis']
Internship - Junior Social Media Analyst - Madrid,Digimind,Sin informacion,Sin informacion,Madrid,31-12-2022,['Redes']
Data Scientist,Solera,5,Sin informacion,Madrid,07-12-2022,"['Python', 'R', 'REST', 'Docker', 'Kubernetes', 'Hadoop', 'Spark', 'Agile', 'Scrum']"
"Manager, Companies & Executives Quality",Dow Jones,Sin informacion,Sin informacion,Barcelona,07-12-2022,"['C', 'Go']"
Data Scientist,Drimay,Sin informacion,Sin informacion,Sevilla,07-12-2022,"['Python', 'R', 'SQL', 'Hadoop', 'Spark']"
DATA Scientist,SEAT SA,3,2.000€,Barcelona,07-12-2022,"['Python', 'AWS', 'GIT', 'Agile']"
Tecnico/a de Selección Dpto RRHH,Grupo Iman,Sin informacion,15.000 €,Madrid,07-12-2022,['SAP']
Data Scientist,ALSTOM,Sin informacion,Sin informacion,Madrid,07-12-2022,"['Next', 'Reports', 'Python', 'Scala', 'Shell', 'SQL', 'Linux', 'GIT', 'Spark', 'QlikView', 'Agile', 'Tableau']"
Global HR Data Analyst,Hotelbeds,Sin informacion,Sin informacion,Islas Baleares,07-12-2022,"['Reports', 'REST']"
Prácticas SAP Barcelona 1,EY,Sin informacion,Sin informacion,Barcelona,07-12-2022,"['RPA', 'SAP']"
Data Development Analyst,Solera,Sin informacion,Sin informacion,Madrid,07-12-2022,"['C', 'Java', 'Reports', 'Python', 'R', 'SQL', 'Hadoop', 'Spark', 'ETL', 'JIRA', 'Agile', 'BI', 'Tableau']"
Para Alicante: Analista funcional para proyectos Big Data...,ITI,Sin informacion,Sin informacion,Alicante,07-12-2022,"['Tiempo Real', 'AWS']"
Digital Account Intern,The Keenfolks,Sin informacion,Sin informacion,Barcelona,07-12-2022,['Core']
Backend Developer,Taxdown,Sin informacion,50.000 €,Madrid,07-12-2022,"['C', 'Java', 'JavaScript', 'Nodejs', 'Node', 'React', 'TypeScript', 'Python', 'React Native', 'DynamoDB', 'AWS', 'GIT', 'JIRA']"
Account Manager,Ladder.io,3,Sin informacion,Madrid,17-12-2022,"['C', 'Access', 'Business Intelligence']"
Business Intelligence Data Analyst,Aguirre Newman,2,Sin informacion,Madrid,07-12-2022,"['MS SQL', 'Python', 'R', 'SQL', 'SQL Server', 'Business Intelligence', 'BI', 'Tableau']"
Consultor de Transformación Digital,Ineco,Sin informacion,Sin informacion,Madrid,07-12-2022,['RPA']
Big Data Developer - Pyspark,Claire Joster,Sin informacion,Sin informacion,Asturias,07-12-2022,"['Python', 'SQL', 'Linux', 'Spark']"
Senior Full Stack Software Engineer,Scaled Robotics,3,Sin informacion,Barcelona,05-01-2023,"['Next', 'React', 'Redux', 'TypeScript', 'NoSQL', 'Python', 'REST', 'MongoDB', 'Linux', 'AWS', 'EDGE', 'Docker']"
Consultor de Transformación Digital,Ineco,Sin informacion,Sin informacion,Madrid,07-12-2022,['RPA']
Internship in WorldWide Logistics,HP,Sin informacion,Sin informacion,Barcelona,07-12-2022,"['Air', 'Next', 'Access', 'Basis']"
Intern Strategic Solutions Advisory,Celonis SE,Sin informacion,Sin informacion,Madrid,07-12-2022,"['Core', 'Go']"
"Data Manager, IE University",IE University,Sin informacion,Sin informacion,Madrid,07-12-2022,"['API', 'Python', 'SQL', 'Access', 'SAS']"
DATA Scientist,SEAT SA,3,2.000€,Barcelona,07-12-2022,"['Python', 'AWS', 'GIT', 'Agile']"
Data Scientist,Drimay,Sin informacion,Sin informacion,Sevilla,07-12-2022,"['Python', 'R', 'SQL', 'Hadoop', 'Spark']"
Junior E-Retail - Madrid,LinkedIn Job Wrapping,Sin informacion,Sin informacion,Madrid,07-12-2022,"['Go', 'Reports', 'MS Office', 'CRM', 'Basis']"
Remote DevOps Consultant (m/f/d),Karriere.Now - Jobportal,5,2000€,Teletrabajo,06-01-2023,"['Go', 'Java', 'Python', 'REST', 'Linux', 'AWS', 'Google Cloud Platform', 'Microsoft Azure', 'GIT', 'Jenkins', 'Docker', 'Kubernetes']"
Organization & Business Agility Consultant,Santander,Sin informacion,Sin informacion,Madrid,15-12-2022,"['Agile', 'Basis']"
Cloud Consultant Junior,EY,Sin informacion,Sin informacion,Zaragoza,11-12-2022,"['Java', 'RPA', 'SonarQube', 'AWS', 'Microsoft Azure', 'GIT', 'Jenkins', 'Docker', 'Kubernetes', 'Bigdata', 'Blockchain', 'Agile', 'Kanban', 'Scrum', 'SAP']"
Business Analyst Intern,Amazon EU SARL (Spain Branch),Sin informacion,Sin informacion,Madrid,07-12-2022,"['Core', 'SQL', 'Business Intelligence', 'ETL']"
Becario/a Área Técnico/Oferta,Pelayo Mutua de Seguros y Reaseguros,Sin informacion,Sin informacion,Madrid,07-12-2022,[]
Para Alicante: Analista funcional para proyectos Big Data...,ITI,Sin informacion,Sin informacion,Alicante,07-12-2022,"['Tiempo Real', 'AWS']"
Consultor Funcional BI Big Data,Catenon,Sin informacion,Sin informacion,Madrid,07-12-2022,"['Business Intelligence', 'BI']"
"Lead Data Engineer (Google Cloud, Scala, CI/CD)",Dow Jones,Sin informacion,Sin informacion,Barcelona,07-12-2022,"['Go', 'JavaScript', 'Python', 'Scala', 'AWS', 'Jenkins', 'Docker', 'Kubernetes', 'Hadoop', 'Spark', 'Agile']"
"Docente para la Escuela Superior de Ingeniería, Ciencia y Tecnología - Inteligencia Artificial y Big Data",Universidad Virtual de Valencia,Sin informacion,Sin informacion,Valencia,07-12-2022,[]
Data Engineer Intern,Mango,Sin informacion,Sin informacion,Barcelona,07-12-2022,"['Python', 'SQL', 'DynamoDB', 'AWS', 'Docker', 'Kafka', 'Spark']"
AI/ML - Intern (Robust and Interpretable representation learning) - ML Research,Apple,Sin informacion,Sin informacion,Barcelona,05-01-2023,"['Core', 'Next', 'Python']"
"Big Data Developer, Madrid",Apolo IT Group,Sin informacion,Sin informacion,Madrid,07-12-2022,"['Java', 'Oracle', 'Unix']"
Apple Media Products - Data Engineer (Graphs ML),Apple,Sin informacion,Sin informacion,Barcelona,13-12-2022,"['Core', 'Hardware']"
Data Scientist,Zurich Insurance,0,Sin informacion,Barcelona,07-12-2022,"['Core', 'Go', 'Reports', 'Python', 'R', 'Scala', 'SQL', 'AWS', 'GIT', 'SVN', 'Spark', 'Business Intelligence', 'IoT', 'Basis']"
Mobility Analytics Data Scientist,Nommon Solutions and Technologies,5,40.000 €,Madrid,07-12-2022,"['Next', 'EDGE']"
Consultor Logística Junior,NetCheck,Sin informacion,Sin informacion,Madrid,07-12-2022,"['SQL', 'SQL Server', 'SAP', 'BI']"
Visual Designer,HP,8,Sin informacion,Barcelona,23-12-2022,"['In Design', 'Go', 'Next', 'Reports']"
Data Analytics (Power BI & AI/ML),Spektrum Group,5,Sin informacion,Valencia,07-12-2022,"['Core', 'BI']"
"Programador Spark y Scala (Big Data), 100% En remoto",CMV Consultores,Sin informacion,42.000 €,Teletrabajo,07-12-2022,"['Java', 'Python', 'Scala', 'Spark']"
Científico/a de datos,ASOCIACION PARA EL DESARROLLO DE LA INGENIERIA DEL...,Sin informacion,Sin informacion,Madrid,22-12-2022,"['C', 'NoSQL', 'Python', 'REST', 'SQL', 'Tensorflow', 'MongoDB', 'Linux', 'AWS', 'Unix', 'Docker', 'Kubernetes', 'Cassandra', 'Kafka', 'Spark']"
Data Analyst M/F,Akkodis,2,Sin informacion,Navarra,07-12-2022,"['Python', 'EDGE', 'IoT', 'BI']"
Data Analyst,Mettler Toledo,Sin informacion,Sin informacion,Barcelona,24-12-2022,"['Reports', 'SQL', 'CRM', 'SAP', 'BI']"
Data Analyst - SQL & SAS - German Speakers,IQVIA,2,Sin informacion,Teletrabajo,07-12-2022,"['Reports', 'R', 'SQL', 'Access', 'Business Intelligence', 'SAS']"
Data Analyst - SQL & SAS - German Speakers,IQVIA,2,Sin informacion,Teletrabajo,07-12-2022,"['Reports', 'R', 'SQL', 'Access', 'Business Intelligence', 'SAS']"
Digital Analyst,Merkle,Sin informacion,Sin informacion,Madrid,01-01-2023,"['SQL', 'Business Intelligence', 'Basis', 'BI', 'Tableau']"
Data Scientist,eDreams ODIGEO,2,Sin informacion,Barcelona,07-12-2022,"['Go', 'Java', 'Next', 'NoSQL', 'Python', 'R', 'Scala', 'SQL', 'Tensorflow', 'Access', 'EDGE', 'Kubernetes', 'Kafka', 'Spark', 'Basis']"
2023 Software Development Engineer Internship,"Amazon Spain Services, S.L.",Sin informacion,Sin informacion,Madrid,07-12-2022,"['C', 'Java', 'Python', 'Agile']"
Consultor/a Junior Digital & Emerging Techologies,EY,Sin informacion,Sin informacion,Madrid,11-12-2022,"['C', 'Java', 'Python', 'RPA', 'SAP']"
"2023 AWS Commercial Sales Internship, AWS",AWS EMEA SARL (Spain Branch),Sin informacion,Sin informacion,Madrid,07-12-2022,"['Next', 'Access', 'AWS']"
Head of Data Solutions (Financial Market Data),Zurich Insurance,7,Sin informacion,Barcelona,15-12-2022,"['Go', 'Basis']"
Product Designer Internship,HP,2,Sin informacion,Barcelona,07-12-2022,"['Next', 'Reports', 'Basis']"
Senior Full Stack Software Engineer,Scaled Robotics,3,Sin informacion,Barcelona,05-01-2023,"['Next', 'React', 'Redux', 'TypeScript', 'NoSQL', 'Python', 'REST', 'MongoDB', 'Linux', 'AWS', 'EDGE', 'Docker']"
Consultor/a junior tecnológico Zaragoza,EY,Sin informacion,Sin informacion,Zaragoza,17-12-2022,"['CSS', 'HTML', 'Java', 'JavaScript', 'RPA', 'SQL', 'Agile', 'SAP']"
Data Analyst,AG SOLUTION,Sin informacion,Sin informacion,Barcelona,07-12-2022,"['Go', 'ERP', 'Agile', 'SCADA']"
Junior Conversional Copywriter,Creadits,2,Sin informacion,Murcia,07-12-2022,"['Next', 'Switch']"
Analista programador BigData. ¡ 100% Remoto !,8535 28/12/2022,Sin informacion,Sin informacion,Teletrabajo,06-01-2023,"['Python', 'Scala', 'Almacenamiento', 'Unix', 'Bigdata', 'Spark', 'ETL']"
Product Data Scientist,Graphext Labs,4,Sin informacion,Teletrabajo,07-12-2022,"['Core', 'Less', 'Air', 'Go', 'Python', 'R', 'REST', 'SQL', 'Windows', 'Business Intelligence', 'BI', 'Tableau']"
Data Science Researcher in Privacy and Explainable AI projects,Centre Tecnologic de Catalunya,Sin informacion,Sin informacion,Barcelona,07-12-2022,"['Python', 'R']"
Internship program: Change Manager,Nextail,Sin informacion,Sin informacion,Teletrabajo,21-12-2022,"['SQL', 'Agile']"
Head of Ecommerce,Garaje de ideas,Sin informacion,500€,Teletrabajo,07-12-2022,"['Agile', 'Scrum']"
Digital Analyst,Garaje de ideas,Sin informacion,500€,Teletrabajo,15-12-2022,"['Adobe', 'Reports', 'BI']"
Investigador/a en Inteligencia Artificial para su aplicación en el ámbito de la Movilidad (Data Scientist),TECNALIA,Sin informacion,Sin informacion,Vizcaya,16-12-2022,"['Angular', 'C', 'CSS', 'Java', 'JavaScript', 'Node', 'Natural', 'Python', 'R', 'REST', 'SQL', 'Linux', 'GIT', 'Docker', 'Spark']"
Desarrollador_a Full-Stack aplicaciones Big Data,Instituto Tecnológico de Informática,Sin informacion,Sin informacion,Valencia,07-12-2022,"['Angular', 'JavaScript', 'React', 'Vue', 'REST', 'Linux', 'Redes', 'GIT', 'Docker']"
Creative Editor,Paradox,Sin informacion,350€,Barcelona,07-12-2022,"['Adobe', 'Next', 'Express']"
Data Analyst,Solutia Global Health Solutions,Sin informacion,Sin informacion,Barcelona,07-12-2022,['BI']
Data Analyst (Marketing),Red Arbor,Sin informacion,Sin informacion,Barcelona,14-12-2022,"['JavaScript', 'Python', 'R', 'SQL', 'XML', 'Business Intelligence', 'Business Objects', 'ETL', 'SAS']"
Buying Manager - Madrid or Barcelona,Getir,4,Sin informacion,Barcelona,07-12-2022,['Core']
HR Operations - Técnico/a de Selección,Grupo Iman,Sin informacion,18.000 €,Madrid,07-12-2022,['SAP']
Full Stack Developer,Compliance Solutions Strategies,2,Sin informacion,Valencia,07-12-2022,"['Core', 'In Design', 'CSS', 'HTML', 'React', 'Redux', 'REST', 'SQL', 'Access', 'SQL Server', 'Agile', 'Scrum']"
"Global Fleet Project Management Intern Madrid, Spain Operations",Philip Morris International,4,944€,Madrid,23-12-2022,"['Reports', 'Agile']"
Data engineer ETL,BETWEEN,Sin informacion,44.000 €,Madrid,07-12-2022,"['Java', 'Spark', 'ETL', 'IoT', 'BI']"
ANALISTA 3N BIG DATA,HUB Talent,Sin informacion,Sin informacion,Madrid,22-12-2022,"['Java', 'Python', 'Scala', 'SAN', 'Kubernetes', 'Kafka', 'Spark']"
Business Development Representative - French Market,Webhelp Portugal,Sin informacion,Sin informacion,Barcelona,03-01-2023,"['C', 'Next', 'MS Office', 'CRM', 'Basis']"
IT Recruiter - Banking,Winning,Sin informacion,Sin informacion,Madrid,07-12-2022,[]
Desarrollador/a Big Data,Talent Search People,Sin informacion,Sin informacion,Teletrabajo,21-12-2022,"['Scala', 'Apache', 'Cassandra', 'Hadoop', 'Kafka', 'Spark']"
Territory Account Manager,Uber,3,Sin informacion,Madrid,29-12-2022,"['Core', 'Access']"
Consultor/a Tecnológico- Tax Tecnhology & Transformation,EY,Sin informacion,Sin informacion,Madrid,06-01-2023,"['C', 'Java', 'Python', 'RPA', 'SQL', 'BI']"
Cloud Big Data Architect - T&O Centro Corporativo,Santander,Sin informacion,Sin informacion,Madrid,07-12-2022,"['Angular', 'Bigdata', 'Spark', 'Blockchain', 'JIRA', 'Agile', 'Scrum', 'BI']"
Pre-Sales Consultant,Mirai,Sin informacion,Sin informacion,Teletrabajo,07-12-2022,['Basis']
Data Engineer,ForwardKeys,Sin informacion,Sin informacion,Valencia,07-12-2022,"['Air', 'Java', 'MySQL', 'Python', 'Shell', 'SQL', 'MongoDB', 'SQL Server', 'Linux', 'AWS', 'GIT', 'Jenkins', 'Hadoop', 'Spark', 'Business Intelligence', 'ETL', 'JIRA', 'Agile']"
Junior Cloud and on-premises Machine Learning Operations,HP,Sin informacion,Sin informacion,Valencia,17-12-2022,"['C', 'Flex', 'Next', 'Python', 'Access', 'Linux', 'AWS', 'EDGE', 'Docker', 'Kubernetes', 'Blockchain']"
PERFILES BIG DATA & BUSINESS INTELLIGENCE,IDential,Sin informacion,Sin informacion,Madrid,07-12-2022,"['Hadoop', 'Kafka', 'Spark', 'Business Intelligence', 'MicroStrategy', 'Qlik Sense', 'BI']"
Data Engineer,beonit,Sin informacion,Sin informacion,Madrid,07-12-2022,"['MySQL', 'NoSQL', 'Python', 'MongoDB', 'Oracle', 'Spark', 'CRM']"
Product Manager división Ficción - Sellos Comerciales,"Penguin Random House Grupo Editorial, S.A.U.",Sin informacion,Sin informacion,Madrid,07-12-2022,"['Photoshop', 'Redes', 'SAP', 'BI']"
Senior Data Engineer (m/f/d) 100 % Homeoffice,Oetker Digital GmbH,Sin informacion,Sin informacion,Madrid,11-12-2022,"['Backbone', 'NoSQL', 'Python', 'SQL', 'MongoDB', 'Google Cloud Platform', 'Jenkins', 'Docker', 'Kubernetes', 'Windows', 'Cassandra', 'Hadoop', 'Spark', 'Agile']"
Payroll Compliance Analyst,Tesla,Sin informacion,Sin informacion,Madrid,07-12-2022,['Reports']
Consultor Procesamiento de datos Data Lake,INECO,Sin informacion,Sin informacion,Madrid,07-12-2022,"['SQL', 'ETL']"
Senior Software Engineer,Clarivate,4,Sin informacion,Barcelona,07-12-2022,"['API', 'C', 'Java', 'Perl', 'Python', 'REST', 'Scala', 'SQL', 'Elasticsearch', 'Linux', 'AWS', 'Unix', 'Spark', 'Agile']"
Consultor Procesamiento de datos Data Lake,INECO,Sin informacion,Sin informacion,Madrid,07-12-2022,"['SQL', 'ETL']"
Big Data Architect,Nommon Solutions and Technologies,4,50.000 €,Madrid,07-12-2022,"['Core', 'Java', 'Spring', 'Next', 'NoSQL', 'Python', 'Scala', 'Apache', 'AWS', 'Hadoop', 'Kafka', 'Spark', 'Storm', 'Agile']"
"Big Data & Cloud Architect 100% Remoto, 100% En remoto",OXIGENT Technologies,Sin informacion,45.000 €,Teletrabajo,15-12-2022,"['Python', 'Scala', 'SQL', 'Spark', 'Agile']"
SR Data Engineer - SGTO Madrid or Cantabria,Santander,3,Sin informacion,Madrid,24-12-2022,"['AWS', 'Spark', 'ETL', 'Agile']"
Data Analyst,"Product Madness Espana, S.L.",Sin informacion,250€,Barcelona,07-12-2022,"['Go', 'Reports', 'Python', 'R', 'SQL', 'QlikView', 'BI', 'PM', 'Tableau']"
Prácticas SQL,COGNODATA,Sin informacion,Sin informacion,Madrid,31-12-2022,"['SQL', 'ETL', 'SSIS', 'BI']"
Lead Data Engineer,HP,6,Sin informacion,Barcelona,07-12-2022,"['Less', 'Next', 'NoSQL']"
Data Analyst,Adevinta Spain,3,Sin informacion,Barcelona,07-12-2022,"['.NET', 'Flex', 'Go', 'Python', 'R', 'SQL', 'Tableau']"
Big Data Engineer,SDG Group,Sin informacion,Sin informacion,Madrid,07-12-2022,"['Java', 'Python', 'Scala', 'Apache', 'Kafka', 'Spark']"
Data Analyst,Aristocrat,2,Sin informacion,Barcelona,07-12-2022,"['Core', 'Flex', 'Reports', 'Python', 'R', 'SQL', 'Access', 'Tableau']"
Data Scientist & Big Data (Teletrabajo),Centro de Promoción de Empleo y Prácticas,Sin informacion,Sin informacion,Teletrabajo,07-12-2022,"['Natural', 'Python', 'SQL', 'Hadoop', 'Kafka', 'Spark']"
Data Engineer,Vodafone,2,Sin informacion,Madrid,27-12-2022,"['Core', 'C', 'Java', 'Python', 'Scala', 'SQL', 'Google Cloud Platform', 'Agile']"
Ingenieros recién graduados,EY,Sin informacion,Sin informacion,Madrid,07-12-2022,"['Python', 'R', 'SQL', 'Tableau']"
Reward and LTI Program Manager,Galderma,Sin informacion,Sin informacion,Barcelona,27-12-2022,"['Core', 'Natural', 'EDGE']"
Data Scientist,Enel,Sin informacion,Sin informacion,Madrid,22-12-2022,"['Python', 'Almacenamiento', 'MS Office', 'Redes', 'AWS']"
Support Analyst,Dynatrace,1,Sin informacion,Teletrabajo,07-12-2022,"['Less', 'Go', 'R']"
Ingeniero/a Informático Junior,"NexTReT, S.L.",Sin informacion,Sin informacion,Barcelona,17-12-2022,"['Node', 'MongoDB', 'Linux', 'Docker', 'Hadoop', 'Spark', 'BI']"
PRÁCTICAS EN I+D+i - FINANZAS Y FISCALIDAD,El Mundo del Becario,Sin informacion,Sin informacion,Madrid,06-01-2023,[]
Data Visualization Engineer,Bayer,5,Sin informacion,Barcelona,07-12-2022,"['Access', 'Business Intelligence', 'MicroStrategy', 'JIRA', 'Agile', 'Scrum', 'BI', 'Tableau']"
Especialista Data Science,MBD Consultores,Sin informacion,Sin informacion,Madrid,07-12-2022,"['Python', 'R', 'SQL', 'AWS', 'Microsoft Azure', 'BI']"
Data Team Lead,Biability,Sin informacion,Sin informacion,Madrid,07-12-2022,"['SQL', 'Informix', 'Business Intelligence', 'MicroStrategy']"
Senior Data Scientist,Sysdig,5,Sin informacion,Madrid,07-12-2022,"['Python', 'R', 'Elasticsearch', 'SAN', 'Kubernetes', 'Hadoop', 'Spark']"
"Data Scientist - Consumer, Market & Media Data",Affinity Petcare,0,Sin informacion,Barcelona,20-12-2022,"['Natural', 'Python', 'R', 'SQL', 'Google Cloud Platform', 'CRM', 'BI']"
Data Engineering Lead,Domestika,6,Sin informacion,Barcelona,07-12-2022,"['Less', 'Python', 'Scala', 'SQL', 'Access', 'AWS', 'Spark']"
Assistant Manager,Lululemon,8,Sin informacion,Madrid,07-12-2022,['Core']
Data Engineer,JUMP TV Solutions,3,Sin informacion,Madrid,07-12-2022,"['Java', 'MySQL', 'Python', 'Shell', 'SQL', 'Apache', 'SQL Server', 'Hadoop', 'Spark', 'ETL']"
People Team Projects Senior Manager,Boston Consulting Group,Sin informacion,Sin informacion,Madrid,07-12-2022,['Core']
Big Data Engineer (GCP),Vodafone,2,Sin informacion,Madrid,12-12-2022,"['Core', 'C', 'Java', 'Python', 'SQL', 'AWS', 'Google Cloud Platform', 'Hadoop', 'Kafka', 'Spark', 'Business Intelligence', 'CMS', 'Agile', 'BI']"
Front End Developer,Cathedral Software SL,Sin informacion,Sin informacion,Teletrabajo,31-12-2022,"['Adobe', 'XD', 'Angular', 'Bootstrap', 'CSS', 'HTML', 'React', 'Vue', 'REST', 'Sketch', 'GIT', 'Agile', 'Scrum', 'BI']"
Big Data Engineer,Solera,Sin informacion,Sin informacion,Madrid,07-12-2022,"['Java', 'Natural', 'Reports', 'Python', 'SQL', 'Hadoop', 'Spark', 'JIRA', 'Agile']"
#DISCOVER I 2023-2024 | Data analyst for Manufacturing Engineering,Airbus,Sin informacion,Sin informacion,Cádiz,07-12-2022,"['Python', 'Tensorflow', 'Qlik Sense']"
ECI Account Manager,Levi Strauss & Co.,0,Sin informacion,Barcelona,07-12-2022,"['C', 'R']"
Técnico de criptografía,NetCheck,Sin informacion,Sin informacion,Teletrabajo,07-12-2022,"['SAP', 'BI']"
Data Architect - CTIO,Santander,Sin informacion,Sin informacion,Madrid,07-12-2022,"['Java', 'NoSQL', 'Python', 'Scala', 'Tiempo Real', 'AWS', 'Teleco', 'Bigdata', 'Hadoop', 'Business Intelligence', 'BI']"
Data Scientist,PepsiCo,Sin informacion,Sin informacion,Álava,07-12-2022,"['Python', 'SQL', 'Access', 'GIT', 'ETL', 'Agile']"
Data Engineer,TravelPerk,3,Sin informacion,Barcelona,07-12-2022,"['Core', 'Python', 'REST', 'SQL', 'AWS', 'Hadoop', 'Kafka', 'Business Intelligence', 'BI']"
Accounting Manager,BDEO,5,Sin informacion,Madrid,04-01-2023,"['Go', 'Reports', 'Agile']"
Técnico/a Pricing,Pelayo Mutua de Seguros y Reaseguros,Sin informacion,Sin informacion,Madrid,07-12-2022,"['Python', 'R', 'BI', 'SAS']"
Analista de Datos,BETWEEN,Sin informacion,27.000 €,Madrid,30-12-2022,"['Java', 'Python', 'SQL', 'Oracle', 'CRM', 'IoT', 'BI', 'Tableau']"
Program Manager,Santander,Sin informacion,Sin informacion,Madrid,07-12-2022,"['Angular', 'Blockchain', 'PMP']"
Strategic Business Advisor,SeQura,5,Sin informacion,Barcelona,06-01-2023,"['Go', 'Next', 'BI', 'Tableau']"
Docencia en Nuevas Tecnologías,Icono Training Consulting,Sin informacion,Sin informacion,Madrid,07-12-2022,['Java']
Consultor Data Architect,Viseo,Sin informacion,Sin informacion,Barcelona,07-12-2022,"['Python', 'SQL', 'Business Intelligence', 'Datawarehouse', 'Agile', 'BI']"
Business Development Representative - French Market,Webhelp Portugal,Sin informacion,Sin informacion,Barcelona,03-01-2023,"['C', 'Next', 'MS Office', 'CRM', 'Basis']"
Data Scientist | Farm Heroes Saga,King.com,Sin informacion,Sin informacion,Barcelona,13-12-2022,"['Core', 'Less', 'Next', 'Python', 'R', 'SQL', 'SAN', 'Tableau']"
Data Scientist | Farm Heroes Saga,King.com,Sin informacion,Sin informacion,Barcelona,13-12-2022,"['Core', 'Less', 'Next', 'Python', 'R', 'SQL', 'SAN', 'Tableau']"
Data Engineer,Bmind,Sin informacion,Sin informacion,Madrid,07-12-2022,"['API', 'Java', 'Nodejs', 'Python', 'SQL', 'SAN', 'AWS', 'Google Cloud Platform', 'ETL', 'Salesforce']"
Data Engineer,Zurich Insurance,5,Sin informacion,Barcelona,07-12-2022,"['API', 'Go', 'SQL', 'SQL Server', 'Basis']"
Category and Marketing Intern,Kraft Heinz Company,Sin informacion,600€,Madrid,07-12-2022,"['Next', 'R']"
Analista Big Data,Catenon,Sin informacion,Sin informacion,Zaragoza,07-12-2022,"['API', 'Python', 'R', 'Tensorflow', 'Redes', 'Spark', 'MicroStrategy', 'SAS', 'Tableau']"
Data Engineer (remoto),PSS,Sin informacion,Sin informacion,Madrid,29-12-2022,"['Scala', 'SQL', 'Tiempo Real', 'Mainframe', 'Kafka', 'Spark']"
Data Architect,SoftwareONE,Sin informacion,Sin informacion,Madrid,07-12-2022,"['Adobe', 'Next', 'Python', 'SQL', 'Tensorflow', 'Apache', 'Citrix', 'Red Hat', 'Oracle', 'AWS', 'VMware', 'Hadoop', 'Spark', 'Business Intelligence', 'ETL', 'Tableau']"
Senior Data Engineer (m/f/d),Oetker Digital GmbH,Sin informacion,Sin informacion,Barcelona,06-01-2023,"['Backbone', 'NoSQL', 'Python', 'SQL', 'MongoDB', 'Google Cloud Platform', 'Jenkins', 'Docker', 'Kubernetes', 'Windows', 'Cassandra', 'Hadoop', 'Spark', 'Agile']"
Data Research Analyst,Morningstar,Sin informacion,Sin informacion,Madrid,07-12-2022,[]
PRÁCTICAS INGENIERÍA,AOTECH,Sin informacion,Sin informacion,Vizcaya,07-12-2022,"['C', 'Java', 'Python', 'Redes', 'AWS', 'IoT']"
Data Engineer (Machine Learning) (f/m/d),Awin,2,Sin informacion,Madrid,17-12-2022,"['Core', 'Next', 'JSON', 'Python', 'R', 'Scala', 'SQL', 'Access', 'AWS', 'Microsoft Azure', 'Spark', 'Business Intelligence', 'ETL', 'Agile', 'Scrum', 'Basis', 'BI']"
Researcher,Instituto Tecnológico de Informática,Sin informacion,Sin informacion,Valencia,07-12-2022,"['R', 'REST', 'Access', 'IoT']"
Trainee área de Ingeniería de Datos at Havas Group,Havas Group,Sin informacion,Sin informacion,Madrid,07-12-2022,"['API', 'MySQL', 'NoSQL', 'Python', 'REST', 'Oracle']"
Recién titulados Accenture Technology - La Coruña,Accenture,Sin informacion,Sin informacion,Sin informacion,07-12-2022,['RPA']
Investigador_a Junior I+D,Instituto Tecnológico de Informática,Sin informacion,Sin informacion,Valencia,07-12-2022,[]
Lead Data Analyst,PepsiCo,6,Sin informacion,Barcelona,08-12-2022,"['Access', 'Business Intelligence', 'IoT']"
Operating Agent,KAPSCH,Sin informacion,17.687 €,Madrid,17-12-2022,['Windows']
Data Software Engineer - (Malaga or Madrid),The Workshop,Sin informacion,Sin informacion,Málaga,07-12-2022,"['Java', 'Perl', 'Python', 'Scala', 'Shell', 'SQL', 'Apache', 'Oracle', 'EDGE', 'Hadoop', 'Kafka', 'Spark', 'ETL', 'Agile']"
"Big Data Senior Developer, 100% En remoto",Kenmei Technologies,3,Sin informacion,Teletrabajo,07-12-2022,"['Java', 'Python', 'Scala', 'Shell', 'SQL', 'AWS', 'Google Cloud Platform', 'EDGE', 'Unix', 'Kubernetes', 'Spark', 'Agile', 'Kanban', 'Scrum']"
Finance Intern,GenesisCare,2,Sin informacion,Madrid,10-12-2022,['Agile']
Booking Agent,AIRE Ancient Baths,Sin informacion,Sin informacion,Santa Cruz de Tenerife,07-12-2022,[]
Big Data Engineer,Psicotec,Sin informacion,Sin informacion,Madrid,07-12-2022,"['Python', 'Scala', 'Redes', 'AWS', 'Google Cloud Platform', 'Microsoft Azure', 'Bigdata', 'Spark', 'Business Intelligence', 'IoT']"
Business Developer,Delectatech,Sin informacion,30.000€,Barcelona,23-12-2022,['Natural']
Consultor /a Junior Actuariales,EY,Sin informacion,Sin informacion,Madrid,07-12-2022,"['RPA', 'SAP']"
Data Engineer,GFT Technologies SE,Sin informacion,Sin informacion,Valencia,07-12-2022,"['Less', 'Java', 'Spring', 'Scala', 'SQL', 'Apache', 'MongoDB', 'AWS', 'Cassandra', 'Hadoop', 'Kafka', 'Spark', 'ETL']"
Business Intelligence & Big Data Software Engineer,Exceltic,Sin informacion,Sin informacion,Madrid,07-12-2022,"['SQL', 'Apache', 'SQL Server', 'Oracle', 'Hadoop', 'Spark', 'Business Intelligence', 'QlikView', 'SSIS', 'Tableau']"
Business Development Representative - French Market,Webhelp Portugal,Sin informacion,Sin informacion,Barcelona,03-01-2023,"['C', 'Next', 'MS Office', 'CRM', 'Basis']"
People Enabler,MessageMedia,5,Sin informacion,Madrid,21-12-2022,"['Go', 'Next']"
HR intern,Kraft Heinz Company,Sin informacion,600€,Madrid,07-12-2022,"['Next', 'R']"
FO DELEGATED PROCESSES ANALYST I,BBVA,0,Sin informacion,Madrid,03-01-2023,"['Reports', 'Basis']"
Frontend Developer,Garaje de ideas,Sin informacion,500€,Teletrabajo,07-12-2022,"['Angular', 'CSS', 'Sass', 'Node', 'TypeScript', 'GIT']"
Prácticas Dpto. Producción de Plásticos i4.0 Digitalización,Bosch Group,Sin informacion,Sin informacion,Madrid,07-12-2022,"['AutoCad', 'MS Office']"
Analista SSII Proyectos Digitales (Madrid/Barcelona),Naturgy,Sin informacion,Sin informacion,Madrid,07-12-2022,"['MySQL', 'Elasticsearch', 'Redis', 'Jenkins', 'JIRA']"
Big Data Engineer,GFT Technologies SE,Sin informacion,Sin informacion,Barcelona,07-12-2022,"['Less', 'Java', 'Spring', 'Scala', 'SQL', 'Apache', 'MongoDB', 'AWS', 'Cassandra', 'Hadoop', 'Kafka', 'Spark', 'ETL']"
"Customer Solutions Engineer, gTech Professional Services (Spanish)",Google,Sin informacion,Sin informacion,Madrid,07-12-2022,"['API', 'C', 'CSS', 'HTML', 'Java', 'JavaScript', 'MySQL', 'Python', 'SQL', 'Linux', 'Unix', 'ETL']"
Trainee Software Developer,Boehringer Ingelheim,Sin informacion,Sin informacion,Barcelona,07-12-2022,"['Python', 'AWS', 'Jenkins', 'JIRA', 'Scrum', 'BI']"
"IT Senior Data Scientist Híbrido, Madrid",ALTEN Spain,Sin informacion,Sin informacion,Madrid,07-12-2022,"['Python', 'SQL', 'Spark']"
Senior Business Data Analyst,Treatwell,Sin informacion,Sin informacion,Barcelona,05-01-2023,"['Go', 'Python', 'SQL', 'Kanban', 'BI']"
Data Scientist,"Product Madness Espana, S.L.",Sin informacion,250€,Barcelona,07-12-2022,"['Go', 'Python', 'R', 'SQL']"
Analista Business Intelligence (Data Engineer BigData),linea directa,Sin informacion,Sin informacion,Madrid,28-12-2022,"['Java', 'Python', 'R', 'Scala', 'SQL', 'Bigdata', 'Spark', 'Business Intelligence', 'Informatica PowerCenter', 'BI']"
IAA Trainee Program,Zurich Insurance,1,Sin informacion,Barcelona,07-12-2022,"['Go', 'Next', 'Python', 'R', 'RPA', 'Basis', 'BI']"
Account Manager - Remoto,BESIDE,Sin informacion,44.000 €,Madrid,03-01-2023,"['CRM', 'ERP', 'BI']"
Paid Marketing Specialist,GRUPO PACHA,3,Sin informacion,Islas Baleares,21-12-2022,"['Next', 'CMS']"
Scheduling & Logistics Intern,Kraft Heinz Company,Sin informacion,Sin informacion,Madrid,07-12-2022,"['Next', 'R', 'MS Office']"
Senior Golang Backend Developer - AWS / APIs / Databases / Home Office (m/f/d),Workwise GmbH,Sin informacion,Sin informacion,Madrid,21-12-2022,"['Core', 'Go', 'Next', 'AWS', 'IoT', 'Agile']"
Quality Control Agent (Prevention),Hotelbeds,Sin informacion,Sin informacion,Islas Baleares,05-01-2023,"['Reports', 'Salesforce', 'Basis', 'Tableau']"
Data Engineer (Team Leader),Docplanner Tech,Sin informacion,35.000 €,Barcelona,21-12-2022,"['Go', 'Python', 'SQL', 'Access', 'Docker', 'Kubernetes', 'Kafka', 'Spark', 'BI']"
Data Scientist / Deep Learning Engineer,Solera,Sin informacion,Sin informacion,Teletrabajo,07-12-2022,"['Core', 'API', 'Python', 'SQL', 'Tensorflow', 'Apache', 'Google Cloud Platform', 'Kubernetes']"
Junior Developer Back - SGTO,Santander,Sin informacion,Sin informacion,Málaga,07-12-2022,"['Angular', 'API', 'Spring', 'GIT', 'Jenkins', 'Spark', 'Blockchain']"
Data Governance Analyst - Banca,TSD Consulting,Sin informacion,45.000€,Madrid,07-12-2022,"['Python', 'R', 'SQL', 'Spark', 'BI', 'Tableau']"
Data platform architect,Sanitas,7,Sin informacion,Madrid,07-12-2022,"['AWS', 'ETL']"
Software Engineer (Data engineer) Junior,BANCO SANTANDER S.A.,Sin informacion,Sin informacion,Madrid,21-12-2022,"['Angular', 'Python', 'SQL', 'Elasticsearch', 'Tiempo Real', 'Linux', 'AWS', 'Unix', 'Docker', 'Blockchain', 'AML']"
Data Engineer - Digital Markets,Gartner,5,Sin informacion,Barcelona,20-12-2022,"['Next', 'Python', 'SQL', 'Apache', 'Access', 'Spark', 'ETL', 'Agile', 'Scrum', 'BI']"
DIXCOVER_Programa de Prácticas Tecnology Bilbao,Accenture,Sin informacion,Sin informacion,Vizcaya,07-12-2022,['SAP']
Lead Clinical Data Manager,Caidya,6,Sin informacion,Madrid,20-12-2022,['Access']
Machine Learning Engineer,Lognext,Sin informacion,Sin informacion,Madrid,13-12-2022,"['Maven', 'Python', 'Scala', 'Tensorflow', 'Unix', 'GIT', 'Jenkins', 'Docker', 'Spark', 'Agile']"
Analista Funcional,BETWEEN,Sin informacion,24.000 €,Madrid,16-12-2022,"['IoT', 'BI']"
Data Business Analyst - PageGroup SSC,Michael Page,Sin informacion,Sin informacion,Barcelona,07-12-2022,"['Core', 'Express', 'Business Intelligence', 'JIRA', 'BI']"
Retail Controller,Pronovias,0,Sin informacion,Barcelona,20-12-2022,"['Reports', 'Cognos', 'Basis', 'BI']"
Cloud & Big Data Architect - To be based in Ireland,Dun & Bradstreet,0,Sin informacion,Madrid,07-12-2022,"['In Design', 'Python', 'Access', 'AWS', 'Spark']"
Global Commercial Data & Analytics Manager,Galderma,Sin informacion,Sin informacion,Barcelona,22-12-2022,"['Access', 'EDGE']"
"Analista Business Intelligence, 100% En remoto",NTT Data,Sin informacion,Sin informacion,Teletrabajo,07-12-2022,"['Oracle', 'Business Intelligence', 'Cognos', 'MicroStrategy', 'Oracle BI', 'QlikView', 'ETL', 'DataStage', 'Informatica PowerCenter', 'BI']"
Técnico/a Soporte Junior N1 - SOC (Madrid Centro),Grupo Oesia,Sin informacion,Sin informacion,Madrid,07-12-2022,"['Linux', 'Redes', 'Unix', 'Windows']"
"Ad Operations Internship, Programmatic",Smadex SLU,Sin informacion,Sin informacion,Barcelona,07-12-2022,"['Reports', 'EDGE', 'Basis']"
Analytics Consultant Junior,Bmind,Sin informacion,Sin informacion,Madrid,07-12-2022,"['HTML', 'Java', 'Nodejs', 'Python', 'SQL', 'SAN']"
Head of People and Culture,Bridge for Billions,6,000€,Madrid,03-01-2023,"['Go', 'Next', 'Access', 'Agile']"
CONSULTOR SENIOR MADRID,managementsolutions,Sin informacion,Sin informacion,Madrid,07-12-2022,[]
Manager Data & Analytics (Inglés Alto),SDG Group,Sin informacion,Sin informacion,Barcelona,07-12-2022,['Business Intelligence']
Research & Analytics Manager,HP,0,Sin informacion,Barcelona,07-12-2022,"['Next', 'Reports']"
Data Engineer/Data Analyst - PagoNxt,Santander,2,Sin informacion,Madrid,07-12-2022,"['Core', 'API', 'JSON', 'Python', 'SQL', 'Swift', 'XML', 'Elasticsearch', 'AWS', 'Hadoop', 'Kafka', 'Spark', 'ETL', 'Agile', 'BI', 'AML', 'Tableau']"
Consultor/a BPM proyectos financieros,EY,Sin informacion,Sin informacion,Madrid,11-12-2022,"['RPA', 'SAP']"
Research Assistant,Instituto Tecnológico de Informática,Sin informacion,Sin informacion,Valencia,07-12-2022,"['R', 'Access', 'IoT']"
Executive Assistant,Basquevolt,5,Sin informacion,Álava,30-12-2022,"['C', 'Reports', 'REST']"
"Senior Consultant (Madrid) | Energy, Corporate Finance","FTI Consulting, Inc.",6,Sin informacion,Madrid,07-12-2022,"['Reports', 'Python', 'R', 'Basis']"
Data Scientist,Frontiers,Sin informacion,Sin informacion,Teletrabajo,07-12-2022,"['Python', 'SQL', 'Access', 'EDGE', 'Spark', 'Basis']"
Web Analyst,Incubeta,Sin informacion,Sin informacion,Madrid,07-12-2022,"['HTML', 'JavaScript', 'Reports', 'Python', 'SQL', 'XML']"
Data Migration Lead,Alight,2,Sin informacion,Granada,24-12-2022,"['Java', 'JavaScript', 'Next', 'Python', 'Ruby', 'Ruby on rails', 'SQL', 'XSLT', 'Access', 'MongoDB', 'Oracle', 'ETL', 'PeopleSoft', 'SAP', 'Fiori', 'HCM']"
Senior Data Analyst,AG SOLUTION,2,Sin informacion,Barcelona,07-12-2022,"['Go', 'ERP', 'Agile', 'SCADA']"
Project Manager One App Europe,Santander,Sin informacion,Sin informacion,Madrid,07-12-2022,"['Angular', 'Blockchain', 'JIRA', 'Agile']"
INTERNATIONAL SALES (NGS),Batea,Sin informacion,Sin informacion,Guipúzcoa,05-01-2023,['SAN']
Data Engineer,AG SOLUTION,Sin informacion,Sin informacion,Barcelona,07-12-2022,"['Go', 'ERP', 'Agile', 'SCADA']"
Data Engineer IT Business Partner,Affinity Petcare,0,Sin informacion,Barcelona,20-12-2022,"['Flex', 'Natural', 'Reports', 'Google Cloud Platform', 'Business Intelligence', 'BI']"
BPA SR Sandoz,Novartis,0,Sin informacion,Barcelona,07-12-2022,"['MS Office', 'ERP', 'SAP']"
Specialist OSS Big Data Engineer MSH,Vodafone,Sin informacion,Sin informacion,Málaga,16-12-2022,['Reports']
Data Engineer,Socialpoint,2,Sin informacion,Barcelona,07-12-2022,"['Android', 'iOS', 'Java', 'PHP', 'Python', 'Scala', 'SQL', 'EDGE', 'ETL', 'BI']"
Data Engineer,Packlink Careers,Sin informacion,66.000€,Málaga,07-12-2022,"['Python', 'SQL', 'Apache', 'Linux', 'AWS', 'Jenkins', 'Windows', 'Spark', 'Business Intelligence', 'BI', 'Tableau']"
Data Engineer / Data Analyst M/F,Akkodis,4,Sin informacion,Madrid,07-12-2022,"['Java', 'Python', 'SQL', 'AWS', 'EDGE', 'IoT']"
Financial Planning/Controlling Trainee,Nissan,Sin informacion,Sin informacion,Barcelona,07-12-2022,"['PL', 'SAP']"
Data Engineer,Fortexpro,Sin informacion,Sin informacion,Teletrabajo,02-01-2023,"['Python', 'Scala', 'AWS', 'Cassandra', 'Hadoop', 'Kafka', 'Spark', 'Business Intelligence', 'ETL', 'BI']"
Senior Backend Software Engineer - AWS / APIs / Databases / Home Office (m/f/d),Emma Sleep Company,Sin informacion,Sin informacion,Madrid,06-01-2023,"['Core', 'Go', 'Next', 'REST', 'AWS', 'IoT', 'Agile']"
Senior Global Data Analyst,Criteo,3,Sin informacion,Barcelona,07-12-2022,"['Python', 'Access', 'Hadoop', 'Tableau']"
Consultor analista marketing estratégico,Inetum,Sin informacion,Sin informacion,Madrid,07-12-2022,"['Go', 'IoT']"
Data Engineer,WebBeds,2,Sin informacion,Islas Baleares,04-01-2023,"['Core', 'API', 'Next', 'Express', 'SQL', 'EDGE', 'Business Intelligence', 'ERP']"
Project Manager (Temporary - 6 months),Media.Monks,Sin informacion,Sin informacion,Madrid,10-12-2022,"['Express', 'Agile']"
Data Scientist,Version 1,Sin informacion,Sin informacion,Málaga,07-12-2022,"['Natural', 'Python', 'Oracle', 'AWS', 'IoT']"
Sales Operations specialist,PandaGo,3,Sin informacion,Madrid,30-12-2022,"['VCS', 'Business Intelligence', 'CRM', 'Salesforce']"
Data Scientist - Digital Finance Hub,Novartis,Sin informacion,Sin informacion,Barcelona,07-12-2022,"['Python', 'R', 'Business Intelligence', 'QlikView', 'Tableau']"
